Regiao_Geografica,Recorte_Demografico,Indicador,Erro
Zona_Urbana,Raca,Taxa_Desocupacao,All replicates contained NAs
Zona_Urbana,Raca,Rendimento_Medio_Habitual,All replicates contained NAs
Zona_Urbana,Raca,Percentual_Subremuneracao,All replicates contained NAs
Zona_Urbana,Raca,Taxa_Informalidade,All replicates contained NAs
Zona_Urbana,Raca,Taxa_Subocupacao,All replicates contained NAs
Zona_Urbana,Raca,Proporcao_Ocupados_Escolarizados,All replicates contained NAs
Zona_Urbana,Raca,Desalentados_Forca_Ampliada,All replicates contained NAs
Zona_Urbana,Raca,Desalentados_Fora_Forca,All replicates contained NAs
Zona_Urbana,Raca,Taxa_Nem_Nem,All replicates contained NAs
Zona_Urbana,Faixa_Etaria_trabalho,Taxa_Nem_Nem,All replicates contained NAs
Zona_Rural,Raca,Taxa_Desocupacao,All replicates contained NAs
Zona_Rural,Raca,Rendimento_Medio_Habitual,All replicates contained NAs
Zona_Rural,Raca,Percentual_Subremuneracao,All replicates contained NAs
Zona_Rural,Raca,Taxa_Informalidade,All replicates contained NAs
Zona_Rural,Raca,Taxa_Subocupacao,All replicates contained NAs
Zona_Rural,Raca,Proporcao_Ocupados_Escolarizados,All replicates contained NAs
Zona_Rural,Raca,Desalentados_Forca_Ampliada,All replicates contained NAs
Zona_Rural,Raca,Desalentados_Fora_Forca,All replicates contained NAs
Zona_Rural,Raca,Taxa_Nem_Nem,All replicates contained NAs
Zona_Rural,Faixa_Etaria_trabalho,Taxa_Nem_Nem,All replicates contained NAs
Zona_Rural,Instrucao,Motivo_Nao_Inicio_NemNem,All replicates contained NAs
Admin_Capital,Raca,Desalentados_Fora_Forca,All replicates contained NAs
Admin_Capital,Raca,Taxa_Nem_Nem,All replicates contained NAs
Admin_Capital,Faixa_Etaria_trabalho,Taxa_Nem_Nem,All replicates contained NAs
Admin_Capital,Instrucao,Desalentados_Fora_Forca,All replicates contained NAs
"Admin_Resto da RIDE (Região Integrada de Desenvolvimento Econômico, excluindo a capital)",Raca,Taxa_Desocupacao,All replicates contained NAs
"Admin_Resto da RIDE (Região Integrada de Desenvolvimento Econômico, excluindo a capital)",Raca,Rendimento_Medio_Habitual,All replicates contained NAs
"Admin_Resto da RIDE (Região Integrada de Desenvolvimento Econômico, excluindo a capital)",Raca,Percentual_Subremuneracao,All replicates contained NAs
"Admin_Resto da RIDE (Região Integrada de Desenvolvimento Econômico, excluindo a capital)",Raca,Taxa_Informalidade,All replicates contained NAs
"Admin_Resto da RIDE (Região Integrada de Desenvolvimento Econômico, excluindo a capital)",Raca,Taxa_Subocupacao,All replicates contained NAs
"Admin_Resto da RIDE (Região Integrada de Desenvolvimento Econômico, excluindo a capital)",Raca,Proporcao_Ocupados_Escolarizados,All replicates contained NAs
"Admin_Resto da RIDE (Região Integrada de Desenvolvimento Econômico, excluindo a capital)",Raca,Desalentados_Forca_Ampliada,All replicates contained NAs
"Admin_Resto da RIDE (Região Integrada de Desenvolvimento Econômico, excluindo a capital)",Raca,Desalentados_Fora_Forca,All replicates contained NAs
"Admin_Resto da RIDE (Região Integrada de Desenvolvimento Econômico, excluindo a capital)",Raca,Taxa_Nem_Nem,All replicates contained NAs
"Admin_Resto da RIDE (Região Integrada de Desenvolvimento Econômico, excluindo a capital)",Faixa_Etaria_trabalho,Desalentados_Fora_Forca,All replicates contained NAs
"Admin_Resto da RIDE (Região Integrada de Desenvolvimento Econômico, excluindo a capital)",Faixa_Etaria_trabalho,Taxa_Nem_Nem,All replicates contained NAs
"Admin_Resto da RIDE (Região Integrada de Desenvolvimento Econômico, excluindo a capital)",Instrucao,Desalentados_Fora_Forca,All replicates contained NAs
"Admin_Resto da RIDE (Região Integrada de Desenvolvimento Econômico, excluindo a capital)",Instrucao,Taxa_Nem_Nem,All replicates contained NAs
"Admin_Resto da UF  (Unidade da Federação, excluindo a região metropolitana e a RIDE)",Raca,Taxa_Desocupacao,All replicates contained NAs
"Admin_Resto da UF  (Unidade da Federação, excluindo a região metropolitana e a RIDE)",Raca,Rendimento_Medio_Habitual,All replicates contained NAs
"Admin_Resto da UF  (Unidade da Federação, excluindo a região metropolitana e a RIDE)",Raca,Percentual_Subremuneracao,All replicates contained NAs
"Admin_Resto da UF  (Unidade da Federação, excluindo a região metropolitana e a RIDE)",Raca,Taxa_Informalidade,All replicates contained NAs
"Admin_Resto da UF  (Unidade da Federação, excluindo a região metropolitana e a RIDE)",Raca,Taxa_Subocupacao,All replicates contained NAs
"Admin_Resto da UF  (Unidade da Federação, excluindo a região metropolitana e a RIDE)",Raca,Proporcao_Ocupados_Escolarizados,All replicates contained NAs
"Admin_Resto da UF  (Unidade da Federação, excluindo a região metropolitana e a RIDE)",Raca,Desalentados_Forca_Ampliada,All replicates contained NAs
"Admin_Resto da UF  (Unidade da Federação, excluindo a região metropolitana e a RIDE)",Raca,Desalentados_Fora_Forca,All replicates contained NAs
"Admin_Resto da UF  (Unidade da Federação, excluindo a região metropolitana e a RIDE)",Raca,Taxa_Nem_Nem,All replicates contained NAs
"Admin_Resto da UF  (Unidade da Federação, excluindo a região metropolitana e a RIDE)",Faixa_Etaria_trabalho,Taxa_Nem_Nem,All replicates contained NAs
Agreg_Teresina,Raca,Desalentados_Fora_Forca,All replicates contained NAs
Agreg_Teresina,Raca,Taxa_Nem_Nem,All replicates contained NAs
Agreg_Teresina,Faixa_Etaria_trabalho,Taxa_Nem_Nem,All replicates contained NAs
Agreg_Teresina,Instrucao,Desalentados_Fora_Forca,All replicates contained NAs
Agreg_Entorno metropolitano de Teresina (PI),Raca,Taxa_Desocupacao,All replicates contained NAs
Agreg_Entorno metropolitano de Teresina (PI),Raca,Rendimento_Medio_Habitual,All replicates contained NAs
Agreg_Entorno metropolitano de Teresina (PI),Raca,Percentual_Subremuneracao,All replicates contained NAs
Agreg_Entorno metropolitano de Teresina (PI),Raca,Taxa_Informalidade,All replicates contained NAs
Agreg_Entorno metropolitano de Teresina (PI),Raca,Taxa_Subocupacao,All replicates contained NAs
Agreg_Entorno metropolitano de Teresina (PI),Raca,Proporcao_Ocupados_Escolarizados,All replicates contained NAs
Agreg_Entorno metropolitano de Teresina (PI),Raca,Desalentados_Forca_Ampliada,All replicates contained NAs
Agreg_Entorno metropolitano de Teresina (PI),Raca,Desalentados_Fora_Forca,All replicates contained NAs
Agreg_Entorno metropolitano de Teresina (PI),Raca,Taxa_Nem_Nem,All replicates contained NAs
Agreg_Entorno metropolitano de Teresina (PI),Faixa_Etaria_trabalho,Desalentados_Fora_Forca,All replicates contained NAs
Agreg_Entorno metropolitano de Teresina (PI),Faixa_Etaria_trabalho,Taxa_Nem_Nem,All replicates contained NAs
Agreg_Entorno metropolitano de Teresina (PI),Instrucao,Desalentados_Fora_Forca,All replicates contained NAs
Agreg_Entorno metropolitano de Teresina (PI),Instrucao,Taxa_Nem_Nem,All replicates contained NAs
Agreg_Centro-Leste do Piauí,Raca,Taxa_Desocupacao,All replicates contained NAs
Agreg_Centro-Leste do Piauí,Raca,Rendimento_Medio_Habitual,All replicates contained NAs
Agreg_Centro-Leste do Piauí,Raca,Percentual_Subremuneracao,All replicates contained NAs
Agreg_Centro-Leste do Piauí,Raca,Taxa_Informalidade,All replicates contained NAs
Agreg_Centro-Leste do Piauí,Raca,Taxa_Subocupacao,All replicates contained NAs
Agreg_Centro-Leste do Piauí,Raca,Proporcao_Ocupados_Escolarizados,All replicates contained NAs
Agreg_Centro-Leste do Piauí,Raca,Desalentados_Forca_Ampliada,All replicates contained NAs
Agreg_Centro-Leste do Piauí,Raca,Desalentados_Fora_Forca,All replicates contained NAs
Agreg_Centro-Leste do Piauí,Raca,Taxa_Nem_Nem,All replicates contained NAs
Agreg_Centro-Leste do Piauí,Faixa_Etaria_trabalho,Taxa_Nem_Nem,All replicates contained NAs
Agreg_Centro-Leste do Piauí,Instrucao,Motivo_Nao_Inicio_NemNem,All replicates contained NAs
Agreg_Baixo Parnaíba do Piauí,Raca,Taxa_Nem_Nem,All replicates contained NAs
Agreg_Baixo Parnaíba do Piauí,Faixa_Etaria_trabalho,Taxa_Nem_Nem,All replicates contained NAs
Agreg_Baixo Parnaíba do Piauí,Instrucao,Motivo_Nao_Inicio_NemNem,All replicates contained NAs
Agreg_Alto Parnaíba e Chapadas Sul do Piauí,Raca,Taxa_Desocupacao,All replicates contained NAs
Agreg_Alto Parnaíba e Chapadas Sul do Piauí,Raca,Rendimento_Medio_Habitual,All replicates contained NAs
Agreg_Alto Parnaíba e Chapadas Sul do Piauí,Raca,Percentual_Subremuneracao,All replicates contained NAs
Agreg_Alto Parnaíba e Chapadas Sul do Piauí,Raca,Taxa_Informalidade,All replicates contained NAs
Agreg_Alto Parnaíba e Chapadas Sul do Piauí,Raca,Taxa_Subocupacao,All replicates contained NAs
Agreg_Alto Parnaíba e Chapadas Sul do Piauí,Raca,Proporcao_Ocupados_Escolarizados,All replicates contained NAs
Agreg_Alto Parnaíba e Chapadas Sul do Piauí,Raca,Desalentados_Forca_Ampliada,All replicates contained NAs
Agreg_Alto Parnaíba e Chapadas Sul do Piauí,Raca,Desalentados_Fora_Forca,All replicates contained NAs
Agreg_Alto Parnaíba e Chapadas Sul do Piauí,Raca,Taxa_Nem_Nem,All replicates contained NAs
Agreg_Alto Parnaíba e Chapadas Sul do Piauí,Faixa_Etaria_trabalho,Taxa_Nem_Nem,All replicates contained NAs
Micro_2210011,Raca,Desalentados_Fora_Forca,All replicates contained NAs
Micro_2210011,Raca,Taxa_Nem_Nem,All replicates contained NAs
Micro_2210011,Faixa_Etaria_trabalho,Desalentados_Fora_Forca,All replicates contained NAs
Micro_2210011,Faixa_Etaria_trabalho,Taxa_Nem_Nem,All replicates contained NAs
Micro_2210011,Instrucao,Desalentados_Fora_Forca,All replicates contained NAs
Micro_2210012,Sexo,Desalentados_Fora_Forca,All replicates contained NAs
Micro_2210012,Raca,Desalentados_Fora_Forca,All replicates contained NAs
Micro_2210012,Faixa_Etaria_trabalho,Desalentados_Fora_Forca,All replicates contained NAs
Micro_2210012,Faixa_Etaria_trabalho,Taxa_Nem_Nem,All replicates contained NAs
Micro_2210012,Instrucao_agregado,Desalentados_Fora_Forca,All replicates contained NAs
Micro_2210012,Instrucao_agregado,Motivo_Nao_Procura_NemNem,All replicates contained NAs
Micro_2210012,Instrucao_agregado,Motivo_Nao_Inicio_NemNem,All replicates contained NAs
Micro_2210012,Instrucao,Desalentados_Fora_Forca,All replicates contained NAs
Micro_2210012,Instrucao,Motivo_Nao_Procura_NemNem,All replicates contained NAs
Micro_2210012,Instrucao,Motivo_Nao_Inicio_NemNem,All replicates contained NAs
Micro_2210013,Sexo,Desalentados_Fora_Forca,All replicates contained NAs
Micro_2210013,Raca,Desalentados_Fora_Forca,All replicates contained NAs
Micro_2210013,Faixa_Etaria_trabalho,Desalentados_Fora_Forca,All replicates contained NAs
Micro_2210013,Faixa_Etaria_trabalho,Taxa_Nem_Nem,All replicates contained NAs
Micro_2210013,Instrucao_agregado,Desalentados_Fora_Forca,All replicates contained NAs
Micro_2210013,Instrucao,Taxa_Desocupacao,All replicates contained NAs
Micro_2210013,Instrucao,Rendimento_Medio_Habitual,All replicates contained NAs
Micro_2210013,Instrucao,Percentual_Subremuneracao,All replicates contained NAs
Micro_2210013,Instrucao,Taxa_Informalidade,All replicates contained NAs
Micro_2210013,Instrucao,Taxa_Subocupacao,All replicates contained NAs
Micro_2210013,Instrucao,Proporcao_Ocupados_Escolarizados,All replicates contained NAs
Micro_2210013,Instrucao,Desalentados_Forca_Ampliada,All replicates contained NAs
Micro_2210013,Instrucao,Desalentados_Fora_Forca,All replicates contained NAs
Micro_2210013,Instrucao,Taxa_Nem_Nem,All replicates contained NAs
Micro_2210013,Instrucao,Motivo_Nao_Procura_NemNem,All replicates contained NAs
Micro_2210013,Instrucao,Motivo_Nao_Inicio_NemNem,All replicates contained NAs
Micro_2210020,Faixa_Etaria_trabalho,Desalentados_Fora_Forca,All replicates contained NAs
Micro_2210020,Faixa_Etaria_trabalho,Taxa_Nem_Nem,All replicates contained NAs
Micro_2210020,Instrucao,Desalentados_Fora_Forca,All replicates contained NAs
Micro_2210020,Instrucao,Motivo_Nao_Procura_NemNem,All replicates contained NAs
Micro_2210020,Instrucao,Motivo_Nao_Inicio_NemNem,All replicates contained NAs
Micro_2210030,Raca,Desalentados_Fora_Forca,All replicates contained NAs
Micro_2210030,Raca,Taxa_Nem_Nem,All replicates contained NAs
Micro_2210030,Faixa_Etaria_trabalho,Desalentados_Fora_Forca,All replicates contained NAs
Micro_2210030,Faixa_Etaria_trabalho,Taxa_Nem_Nem,All replicates contained NAs
Micro_2210030,Instrucao,Desalentados_Fora_Forca,All replicates contained NAs
Micro_2220010,Raca,Taxa_Desocupacao,All replicates contained NAs
Micro_2220010,Raca,Rendimento_Medio_Habitual,All replicates contained NAs
Micro_2220010,Raca,Percentual_Subremuneracao,All replicates contained NAs
Micro_2220010,Raca,Taxa_Informalidade,All replicates contained NAs
Micro_2220010,Raca,Taxa_Subocupacao,All replicates contained NAs
Micro_2220010,Raca,Proporcao_Ocupados_Escolarizados,All replicates contained NAs
Micro_2220010,Raca,Desalentados_Forca_Ampliada,All replicates contained NAs
Micro_2220010,Raca,Desalentados_Fora_Forca,All replicates contained NAs
Micro_2220010,Raca,Taxa_Nem_Nem,All replicates contained NAs
Micro_2220010,Faixa_Etaria_trabalho,Desalentados_Fora_Forca,All replicates contained NAs
Micro_2220010,Faixa_Etaria_trabalho,Taxa_Nem_Nem,All replicates contained NAs
Micro_2220010,Instrucao,Desalentados_Fora_Forca,All replicates contained NAs
Micro_2220010,Instrucao,Taxa_Nem_Nem,All replicates contained NAs
Micro_2220020,Raca,Taxa_Desocupacao,All replicates contained NAs
Micro_2220020,Raca,Rendimento_Medio_Habitual,All replicates contained NAs
Micro_2220020,Raca,Percentual_Subremuneracao,All replicates contained NAs
Micro_2220020,Raca,Taxa_Informalidade,All replicates contained NAs
Micro_2220020,Raca,Taxa_Subocupacao,All replicates contained NAs
Micro_2220020,Raca,Proporcao_Ocupados_Escolarizados,All replicates contained NAs
Micro_2220020,Raca,Desalentados_Forca_Ampliada,All replicates contained NAs
Micro_2220020,Raca,Desalentados_Fora_Forca,All replicates contained NAs
Micro_2220020,Raca,Taxa_Nem_Nem,All replicates contained NAs
Micro_2220020,Raca,Motivo_Nao_Procura_NemNem,All replicates contained NAs
Micro_2220020,Raca,Motivo_Nao_Inicio_NemNem,All replicates contained NAs
Micro_2220020,Faixa_Etaria_trabalho,Desalentados_Fora_Forca,All replicates contained NAs
Micro_2220020,Faixa_Etaria_trabalho,Taxa_Nem_Nem,All replicates contained NAs
Micro_2220020,Instrucao,Desalentados_Fora_Forca,All replicates contained NAs
Micro_2220020,Instrucao,Taxa_Nem_Nem,All replicates contained NAs
Micro_2220020,Instrucao,Motivo_Nao_Procura_NemNem,All replicates contained NAs
Micro_2220020,Instrucao,Motivo_Nao_Inicio_NemNem,All replicates contained NAs
Micro_2251011,Raca,Taxa_Desocupacao,All replicates contained NAs
Micro_2251011,Raca,Rendimento_Medio_Habitual,All replicates contained NAs
Micro_2251011,Raca,Percentual_Subremuneracao,All replicates contained NAs
Micro_2251011,Raca,Taxa_Informalidade,All replicates contained NAs
Micro_2251011,Raca,Taxa_Subocupacao,All replicates contained NAs
Micro_2251011,Raca,Proporcao_Ocupados_Escolarizados,All replicates contained NAs
Micro_2251011,Raca,Desalentados_Forca_Ampliada,All replicates contained NAs
Micro_2251011,Raca,Desalentados_Fora_Forca,All replicates contained NAs
Micro_2251011,Raca,Taxa_Nem_Nem,All replicates contained NAs
Micro_2251011,Faixa_Etaria_trabalho,Taxa_Nem_Nem,All replicates contained NAs
Micro_2251011,Instrucao,Desalentados_Fora_Forca,All replicates contained NAs
Micro_2251011,Instrucao,Taxa_Nem_Nem,All replicates contained NAs
Micro_2251011,Instrucao,Motivo_Nao_Procura_NemNem,All replicates contained NAs
Micro_2251011,Instrucao,Motivo_Nao_Inicio_NemNem,All replicates contained NAs
Micro_2251012,Raca,Desalentados_Fora_Forca,All replicates contained NAs
Micro_2251012,Raca,Motivo_Nao_Inicio_NemNem,All replicates contained NAs
Micro_2251012,Faixa_Etaria_trabalho,Taxa_Nem_Nem,All replicates contained NAs
Micro_2251012,Instrucao,Desalentados_Fora_Forca,All replicates contained NAs
Micro_2251012,Instrucao,Taxa_Nem_Nem,All replicates contained NAs
Micro_2251012,Instrucao,Motivo_Nao_Inicio_NemNem,All replicates contained NAs
Micro_2251013,Raca,Motivo_Nao_Inicio_NemNem,All replicates contained NAs
Micro_2251013,Faixa_Etaria_trabalho,Desalentados_Fora_Forca,All replicates contained NAs
Micro_2251013,Faixa_Etaria_trabalho,Taxa_Nem_Nem,All replicates contained NAs
Micro_2251013,Instrucao,Desalentados_Fora_Forca,All replicates contained NAs
Micro_2251013,Instrucao,Motivo_Nao_Inicio_NemNem,All replicates contained NAs
Micro_2251020,Raca,Taxa_Desocupacao,All replicates contained NAs
Micro_2251020,Raca,Rendimento_Medio_Habitual,All replicates contained NAs
Micro_2251020,Raca,Percentual_Subremuneracao,All replicates contained NAs
Micro_2251020,Raca,Taxa_Informalidade,All replicates contained NAs
Micro_2251020,Raca,Taxa_Subocupacao,All replicates contained NAs
Micro_2251020,Raca,Proporcao_Ocupados_Escolarizados,All replicates contained NAs
Micro_2251020,Raca,Desalentados_Forca_Ampliada,All replicates contained NAs
Micro_2251020,Raca,Desalentados_Fora_Forca,All replicates contained NAs
Micro_2251020,Raca,Taxa_Nem_Nem,All replicates contained NAs
Micro_2251020,Faixa_Etaria_trabalho,Taxa_Nem_Nem,All replicates contained NAs
Micro_2251021,Faixa_Etaria_trabalho,Desalentados_Fora_Forca,All replicates contained NAs
Micro_2251021,Faixa_Etaria_trabalho,Taxa_Nem_Nem,All replicates contained NAs
Micro_2251021,Instrucao,Desalentados_Fora_Forca,All replicates contained NAs
Micro_2251021,Instrucao,Taxa_Nem_Nem,All replicates contained NAs
Micro_2251022,Sexo,Motivo_Nao_Inicio_NemNem,All replicates contained NAs
Micro_2251022,Raca,Motivo_Nao_Inicio_NemNem,All replicates contained NAs
Micro_2251022,Faixa_Etaria_trabalho,Desalentados_Fora_Forca,All replicates contained NAs
Micro_2251022,Faixa_Etaria_trabalho,Taxa_Nem_Nem,All replicates contained NAs
Micro_2251022,Instrucao_agregado,Motivo_Nao_Inicio_NemNem,All replicates contained NAs
Micro_2251022,Instrucao,Desalentados_Fora_Forca,All replicates contained NAs
Micro_2251022,Instrucao,Taxa_Nem_Nem,All replicates contained NAs
Micro_2251022,Instrucao,Motivo_Nao_Procura_NemNem,All replicates contained NAs
Micro_2251022,Instrucao,Motivo_Nao_Inicio_NemNem,All replicates contained NAs
Micro_2252011,Raca,Desalentados_Fora_Forca,All replicates contained NAs
Micro_2252011,Raca,Taxa_Nem_Nem,All replicates contained NAs
Micro_2252011,Raca,Motivo_Nao_Inicio_NemNem,All replicates contained NAs
Micro_2252011,Faixa_Etaria_trabalho,Taxa_Nem_Nem,All replicates contained NAs
Micro_2252012,Raca,Desalentados_Fora_Forca,All replicates contained NAs
Micro_2252012,Faixa_Etaria_trabalho,Desalentados_Fora_Forca,All replicates contained NAs
Micro_2252012,Faixa_Etaria_trabalho,Taxa_Nem_Nem,All replicates contained NAs
Micro_2252012,Instrucao,Desalentados_Fora_Forca,All replicates contained NAs
Micro_2252013,Raca,Motivo_Nao_Procura_NemNem,All replicates contained NAs
Micro_2252013,Raca,Motivo_Nao_Inicio_NemNem,All replicates contained NAs
Micro_2252013,Faixa_Etaria_trabalho,Taxa_Nem_Nem,All replicates contained NAs
Micro_2252013,Instrucao,Desalentados_Fora_Forca,All replicates contained NAs
Micro_2252013,Instrucao,Taxa_Nem_Nem,All replicates contained NAs
Micro_2252020,Raca,Taxa_Desocupacao,All replicates contained NAs
Micro_2252020,Raca,Rendimento_Medio_Habitual,All replicates contained NAs
Micro_2252020,Raca,Percentual_Subremuneracao,All replicates contained NAs
Micro_2252020,Raca,Taxa_Informalidade,All replicates contained NAs
Micro_2252020,Raca,Taxa_Subocupacao,All replicates contained NAs
Micro_2252020,Raca,Proporcao_Ocupados_Escolarizados,All replicates contained NAs
Micro_2252020,Raca,Desalentados_Forca_Ampliada,All replicates contained NAs
Micro_2252020,Raca,Taxa_Nem_Nem,All replicates contained NAs
Micro_2252020,Faixa_Etaria_trabalho,Taxa_Nem_Nem,All replicates contained NAs
Micro_2252020,Instrucao,Motivo_Nao_Inicio_NemNem,All replicates contained NAs
Micro_2252021,Raca,Desalentados_Fora_Forca,All replicates contained NAs
Micro_2252021,Faixa_Etaria_trabalho,Taxa_Nem_Nem,All replicates contained NAs
Micro_2252021,Instrucao,Desalentados_Fora_Forca,All replicates contained NAs
Micro_2252021,Instrucao,Taxa_Nem_Nem,All replicates contained NAs
Micro_2252021,Instrucao,Motivo_Nao_Procura_NemNem,All replicates contained NAs
Micro_2252021,Instrucao,Motivo_Nao_Inicio_NemNem,All replicates contained NAs
Micro_2252022,Raca,Desalentados_Fora_Forca,All replicates contained NAs
Micro_2252022,Faixa_Etaria_trabalho,Taxa_Desocupacao,All replicates contained NAs
Micro_2252022,Faixa_Etaria_trabalho,Rendimento_Medio_Habitual,All replicates contained NAs
Micro_2252022,Faixa_Etaria_trabalho,Percentual_Subremuneracao,All replicates contained NAs
Micro_2252022,Faixa_Etaria_trabalho,Taxa_Informalidade,All replicates contained NAs
Micro_2252022,Faixa_Etaria_trabalho,Taxa_Subocupacao,All replicates contained NAs
Micro_2252022,Faixa_Etaria_trabalho,Proporcao_Ocupados_Escolarizados,All replicates contained NAs
Micro_2252022,Faixa_Etaria_trabalho,Desalentados_Forca_Ampliada,All replicates contained NAs
Micro_2252022,Faixa_Etaria_trabalho,Desalentados_Fora_Forca,All replicates contained NAs
Micro_2252022,Faixa_Etaria_trabalho,Taxa_Nem_Nem,All replicates contained NAs
Micro_2252022,Instrucao,Taxa_Desocupacao,All replicates contained NAs
Micro_2252022,Instrucao,Rendimento_Medio_Habitual,All replicates contained NAs
Micro_2252022,Instrucao,Percentual_Subremuneracao,All replicates contained NAs
Micro_2252022,Instrucao,Taxa_Informalidade,All replicates contained NAs
Micro_2252022,Instrucao,Taxa_Subocupacao,All replicates contained NAs
Micro_2252022,Instrucao,Proporcao_Ocupados_Escolarizados,All replicates contained NAs
Micro_2252022,Instrucao,Desalentados_Forca_Ampliada,All replicates contained NAs
Micro_2252022,Instrucao,Desalentados_Fora_Forca,All replicates contained NAs
Micro_2252022,Instrucao,Taxa_Nem_Nem,All replicates contained NAs
Micro_2253010,Raca,Motivo_Nao_Inicio_NemNem,All replicates contained NAs
Micro_2253010,Faixa_Etaria_trabalho,Taxa_Nem_Nem,All replicates contained NAs
Micro_2253010,Instrucao_agregado,Motivo_Nao_Inicio_NemNem,All replicates contained NAs
Micro_2253010,Instrucao,Desalentados_Fora_Forca,All replicates contained NAs
Micro_2253010,Instrucao,Taxa_Nem_Nem,All replicates contained NAs
Micro_2253010,Instrucao,Motivo_Nao_Inicio_NemNem,All replicates contained NAs
Micro_2253011,Faixa_Etaria_trabalho,Desalentados_Fora_Forca,All replicates contained NAs
Micro_2253011,Faixa_Etaria_trabalho,Taxa_Nem_Nem,All replicates contained NAs
Micro_2253011,Instrucao,Desalentados_Fora_Forca,All replicates contained NAs
Micro_2253011,Instrucao,Taxa_Nem_Nem,All replicates contained NAs
Micro_2253011,Instrucao,Motivo_Nao_Procura_NemNem,All replicates contained NAs
Micro_2253011,Instrucao,Motivo_Nao_Inicio_NemNem,All replicates contained NAs
Micro_2253012,Raca,Desalentados_Fora_Forca,All replicates contained NAs
Micro_2253012,Raca,Taxa_Nem_Nem,All replicates contained NAs
Micro_2253012,Faixa_Etaria_trabalho,Desalentados_Fora_Forca,All replicates contained NAs
Micro_2253012,Faixa_Etaria_trabalho,Taxa_Nem_Nem,All replicates contained NAs
Micro_2253012,Instrucao_agregado,Desalentados_Fora_Forca,All replicates contained NAs
Micro_2253012,Instrucao,Desalentados_Fora_Forca,All replicates contained NAs
Micro_2253012,Instrucao,Motivo_Nao_Procura_NemNem,All replicates contained NAs
Micro_2253012,Instrucao,Motivo_Nao_Inicio_NemNem,All replicates contained NAs
Micro_2253020,Raca,Taxa_Desocupacao,All replicates contained NAs
Micro_2253020,Raca,Rendimento_Medio_Habitual,All replicates contained NAs
Micro_2253020,Raca,Percentual_Subremuneracao,All replicates contained NAs
Micro_2253020,Raca,Taxa_Informalidade,All replicates contained NAs
Micro_2253020,Raca,Taxa_Subocupacao,All replicates contained NAs
Micro_2253020,Raca,Proporcao_Ocupados_Escolarizados,All replicates contained NAs
Micro_2253020,Raca,Desalentados_Forca_Ampliada,All replicates contained NAs
Micro_2253020,Raca,Desalentados_Fora_Forca,All replicates contained NAs
Micro_2253020,Raca,Taxa_Nem_Nem,All replicates contained NAs
Micro_2253020,Faixa_Etaria_trabalho,Taxa_Nem_Nem,All replicates contained NAs
Micro_2253020,Instrucao,Taxa_Nem_Nem,All replicates contained NAs
Micro_2253020,Instrucao,Motivo_Nao_Inicio_NemNem,All replicates contained NAs
Micro_2253021,Raca,Desalentados_Fora_Forca,All replicates contained NAs
Micro_2253021,Faixa_Etaria_trabalho,Desalentados_Fora_Forca,All replicates contained NAs
Micro_2253021,Faixa_Etaria_trabalho,Taxa_Nem_Nem,All replicates contained NAs
Micro_2253021,Instrucao,Rendimento_Medio_Habitual,All replicates contained NAs
Micro_2253021,Instrucao,Percentual_Subremuneracao,All replicates contained NAs
Micro_2253021,Instrucao,Taxa_Informalidade,All replicates contained NAs
Micro_2253021,Instrucao,Taxa_Subocupacao,All replicates contained NAs
Micro_2253021,Instrucao,Proporcao_Ocupados_Escolarizados,All replicates contained NAs
Micro_2253021,Instrucao,Desalentados_Fora_Forca,All replicates contained NAs
Micro_2253021,Instrucao,Taxa_Nem_Nem,All replicates contained NAs
Micro_2253021,Instrucao,Motivo_Nao_Inicio_NemNem,All replicates contained NAs
Micro_2253022,Sexo,Motivo_Nao_Procura_NemNem,All replicates contained NAs
Micro_2253022,Sexo,Motivo_Nao_Inicio_NemNem,All replicates contained NAs
Micro_2253022,Raca,Desalentados_Fora_Forca,All replicates contained NAs
Micro_2253022,Raca,Motivo_Nao_Procura_NemNem,All replicates contained NAs
Micro_2253022,Raca,Motivo_Nao_Inicio_NemNem,All replicates contained NAs
Micro_2253022,Faixa_Etaria_trabalho,Taxa_Desocupacao,All replicates contained NAs
Micro_2253022,Faixa_Etaria_trabalho,Rendimento_Medio_Habitual,All replicates contained NAs
Micro_2253022,Faixa_Etaria_trabalho,Percentual_Subremuneracao,All replicates contained NAs
Micro_2253022,Faixa_Etaria_trabalho,Taxa_Informalidade,All replicates contained NAs
Micro_2253022,Faixa_Etaria_trabalho,Taxa_Subocupacao,All replicates contained NAs
Micro_2253022,Faixa_Etaria_trabalho,Proporcao_Ocupados_Escolarizados,All replicates contained NAs
Micro_2253022,Faixa_Etaria_trabalho,Desalentados_Forca_Ampliada,All replicates contained NAs
Micro_2253022,Faixa_Etaria_trabalho,Desalentados_Fora_Forca,All replicates contained NAs
Micro_2253022,Faixa_Etaria_trabalho,Taxa_Nem_Nem,All replicates contained NAs
Micro_2253022,Instrucao,Taxa_Desocupacao,All replicates contained NAs
Micro_2253022,Instrucao,Rendimento_Medio_Habitual,All replicates contained NAs
Micro_2253022,Instrucao,Percentual_Subremuneracao,All replicates contained NAs
Micro_2253022,Instrucao,Taxa_Informalidade,All replicates contained NAs
Micro_2253022,Instrucao,Taxa_Subocupacao,All replicates contained NAs
Micro_2253022,Instrucao,Proporcao_Ocupados_Escolarizados,All replicates contained NAs
Micro_2253022,Instrucao,Desalentados_Fora_Forca,All replicates contained NAs
Micro_2253022,Instrucao,Taxa_Nem_Nem,All replicates contained NAs
Micro_2254020,Raca,Desalentados_Fora_Forca,All replicates contained NAs
Micro_2254020,Faixa_Etaria_trabalho,Taxa_Nem_Nem,All replicates contained NAs
Micro_2254020,Instrucao,Desalentados_Fora_Forca,All replicates contained NAs
Micro_2254020,Instrucao,Taxa_Nem_Nem,All replicates contained NAs
Micro_2254020,Instrucao,Motivo_Nao_Inicio_NemNem,All replicates contained NAs
