Indicador,Indicador_Nome,Recorte_Regional,Recorte_Nome,Variavel_Testada,Metodo,Estatistica,GL,p_valor,Significancia,p_ajustado,Significancia_ajustada,N
Taxa_Composta_Subutilizacao,Taxa_Composta_Subutilizacao,Teresina_x_Resto_Piaui,Teresina x Resto do Piauí,Teresina_Resto,svyglm+regTermTest(LRT),429.71907563959394,"1, 199",3.874586329071907e-42,***,3.3708901062925598e-40,***,5949
Taxa_Composta_Subutilizacao,Taxa_Composta_Subutilizacao,Estrato_Administrativo,Estrato Administrativo,Estrato_Admin,svyglm+regTermTest(LRT),442.8711119241807,"2, 199",3.184565506124386e-40,***,1.3852859951641075e-38,***,5949
Taxa_Subocupacao,Subocupação por Insuficiência de Horas,Teresina_x_Resto_Piaui,Teresina x Resto do Piauí,Teresina_Resto,svyglm+regTermTest(LRT),312.63286273726317,"1, 199",4.437221237019557e-39,***,1.2867941587356717e-37,***,4961
Desalentados_Forca_Ampliada,Desalentados na Força de Trabalho Ampliada,Teresina_x_Resto_Piaui,Teresina x Resto do Piauí,Teresina_Resto,svyglm+regTermTest(LRT),216.4843588660733,"1, 199",6.283470593976194e-38,***,1.3666548541898224e-36,***,5785
Proporcao_Ocupados_Escolarizados,Ocupados com Ensino Médio Completo ou Mais,Zona,Zona (Urbana/Rural),Zona,svyglm+regTermTest(LRT),399.6113567920238,"1, 199",1.1394222702725604e-34,***,1.9825947502742548e-33,***,4961
Taxa_Subocupacao,Subocupação por Insuficiência de Horas,Estrato_Administrativo,Estrato Administrativo,Estrato_Admin,svyglm+regTermTest(LRT),339.1476123662851,"2, 199",1.0787913374380732e-27,***,1.564247439285206e-26,***,4961
Desalentados_Fora_Forca,Desalentados Fora da Força de Trabalho,Teresina_x_Resto_Piaui,Teresina x Resto do Piauí,Teresina_Resto,svyglm+regTermTest(LRT),143.0499652276012,"1, 199",5.7557136884352245e-27,***,7.153529869912351e-26,***,5164
Proporcao_Ocupados_Escolarizados,Ocupados com Ensino Médio Completo ou Mais,Teresina_x_Resto_Piaui,Teresina x Resto do Piauí,Teresina_Resto,svyglm+regTermTest(LRT),290.53723466982865,"1, 199",1.1312312124112263e-24,***,1.1662149595597491e-23,***,4961
Proporcao_Ocupados_Escolarizados,Ocupados com Ensino Médio Completo ou Mais,Estrato_Administrativo,Estrato Administrativo,Estrato_Admin,svyglm+regTermTest(LRT),296.446729939561,"2, 199",1.2064292685100852e-24,***,1.1662149595597491e-23,***,4961
Rendimento_Medio_Habitual,Rendimento Médio Habitual,Zona,Zona (Urbana/Rural),Zona,svyglm+regTermTest(LRT),2185564058.3423843,"1, 199",1.7086251898504633e-24,***,1.486503915169903e-23,***,12926
Rendimento_Informal,Rendimento Médio — Setor Informal,Zona,Zona (Urbana/Rural),Zona,svyglm+regTermTest(LRT),262412095.9160824,"1, 199",2.5679129267224314e-22,***,2.0309856784077408e-21,***,2485
Proporcao_Ocupados_Escolarizados,Ocupados com Ensino Médio Completo ou Mais,Estrato_Agregado,Estrato Agregado/Geográfico,Estrato_agregado,svyglm+regTermTest(LRT),304.0373770213482,"4, 199",5.968000977714998e-21,***,4.326800708843373e-20,***,4961
Taxa_Participacao,Taxa_Participacao,Zona,Zona (Urbana/Rural),Zona,svyglm+regTermTest(LRT),280.8250907970323,"1, 199",8.654254915744241e-20,***,5.791693674382683e-19,***,10588
Nivel_Ocupacao,Nivel_Ocupacao,Zona,Zona (Urbana/Rural),Zona,svyglm+regTermTest(LRT),283.7839383838,"1, 199",2.8913344919201025e-19,***,1.7967578628360636e-18,***,10588
Desalentados_Forca_Ampliada,Desalentados na Força de Trabalho Ampliada,Estrato_Administrativo,Estrato Administrativo,Estrato_Admin,svyglm+regTermTest(LRT),240.54595502641132,"2, 199",5.058536991942198e-19,***,2.9339514553264747e-18,***,5785
Taxa_Informalidade,Taxa de Informalidade,Teresina_x_Resto_Piaui,Teresina x Resto do Piauí,Teresina_Resto,svyglm+regTermTest(LRT),182.01553786118075,"1, 199",2.3495313703062102e-18,***,1.2775576826040016e-17,***,4961
Taxa_Composta_Subutilizacao,Taxa_Composta_Subutilizacao,Zona,Zona (Urbana/Rural),Zona,svyglm+regTermTest(LRT),291.1668938142211,"1, 199",3.172335428460094e-18,***,1.623489307506048e-17,***,5949
Taxa_Subocupacao,Subocupação por Insuficiência de Horas,Estrato_Agregado,Estrato Agregado/Geográfico,Estrato_agregado,svyglm+regTermTest(LRT),363.1664283254172,"4, 199",1.5212281590473067e-17,***,7.352602768728647e-17,***,4961
Taxa_Informalidade,Taxa de Informalidade,Zona,Zona (Urbana/Rural),Zona,svyglm+regTermTest(LRT),206.88665242211573,"1, 199",1.9605204907993936e-17,***,8.977120142081433e-17,***,4961
Taxa_Informalidade,Taxa de Informalidade,Estrato_Administrativo,Estrato Administrativo,Estrato_Admin,svyglm+regTermTest(LRT),182.0222700039967,"2, 199",1.0165552785239553e-16,***,4.4220154615792064e-16,***,4961
Percentual_Subremuneracao,Subremuneração (abaixo do salário-mínimo/hora),Zona,Zona (Urbana/Rural),Zona,svyglm+regTermTest(LRT),199.1461878681885,"1, 199",9.966492883894804e-16,***,4.128975623327848e-15,***,12926
Taxa_Participacao,Taxa_Participacao,Teresina_x_Resto_Piaui,Teresina x Resto do Piauí,Teresina_Resto,svyglm+regTermTest(LRT),143.16484364536154,"1, 199",5.3259973628843696e-15,***,2.106189866231546e-14,***,10588
Taxa_Participacao,Taxa_Participacao,Estrato_Administrativo,Estrato Administrativo,Estrato_Admin,svyglm+regTermTest(LRT),147.05462090466608,"2, 199",5.960657135576169e-15,***,2.254683351283159e-14,***,10588
Taxa_Composta_Subutilizacao,Taxa_Composta_Subutilizacao,Estrato_Agregado,Estrato Agregado/Geográfico,Estrato_agregado,svyglm+regTermTest(LRT),473.44481242587426,"4, 199",1.1944567662258654e-14,***,4.3299057775687624e-14,***,5949
Nivel_Ocupacao,Nivel_Ocupacao,Teresina_x_Resto_Piaui,Teresina x Resto do Piauí,Teresina_Resto,svyglm+regTermTest(LRT),140.0633333602873,"1, 199",2.1745045353234963e-14,***,7.567275782925767e-14,***,10588
Rendimento_Formal,Rendimento Médio — Setor Formal,Zona,Zona (Urbana/Rural),Zona,svyglm+regTermTest(LRT),902554038.793724,"1, 199",2.39517441681642e-14,***,8.01462208703956e-14,***,10441
Nivel_Ocupacao,Nivel_Ocupacao,Estrato_Administrativo,Estrato Administrativo,Estrato_Admin,svyglm+regTermTest(LRT),140.21066499949666,"2, 199",4.0973450569422166e-14,***,1.3202556294591584e-13,***,10588
Taxa_Informalidade,Taxa de Informalidade,Estrato_Agregado,Estrato Agregado/Geográfico,Estrato_agregado,svyglm+regTermTest(LRT),213.796846621035,"4, 199",5.748916867379725e-14,***,1.7862705980787e-13,***,4961
Percentual_Subremuneracao,Subremuneração (abaixo do salário-mínimo/hora),Estrato_Agregado,Estrato Agregado/Geográfico,Estrato_agregado,svyglm+regTermTest(LRT),237.67706058414933,"4, 199",1.354491732286283e-13,***,4.06347519685885e-13,***,12926
Percentual_Subremuneracao,Subremuneração (abaixo do salário-mínimo/hora),Teresina_x_Resto_Piaui,Teresina x Resto do Piauí,Teresina_Resto,svyglm+regTermTest(LRT),166.3394840363144,"1, 199",3.604553446766453e-13,***,1.0453204995622713e-12,***,12926
Percentual_Subremuneracao,Subremuneração (abaixo do salário-mínimo/hora),Estrato_Administrativo,Estrato Administrativo,Estrato_Admin,svyglm+regTermTest(LRT),167.76237757375202,"2, 199",5.499935563206157e-13,***,1.5435303032223733e-12,***,12926
Rendimento_Informal,Rendimento Médio — Setor Informal,Estrato_Agregado,Estrato Agregado/Geográfico,Estrato_agregado,svyglm+regTermTest(LRT),515888776.7698183,"4, 199",1.7754899458790818e-12,***,4.827113290358754e-12,***,2485
Desalentados_Fora_Forca,Desalentados Fora da Força de Trabalho,Estrato_Administrativo,Estrato Administrativo,Estrato_Admin,svyglm+regTermTest(LRT),164.95306137554508,"2, 199",2.3238255306028837e-12,***,6.126449126134875e-12,***,5164
Rendimento_Informal,Rendimento Médio — Setor Informal,Estrato_Administrativo,Estrato Administrativo,Estrato_Admin,svyglm+regTermTest(LRT),483905764.70122623,"2, 199",5.940274646493721e-12,***,1.5200114536616285e-11,***,2485
Rendimento_Informal,Rendimento Médio — Setor Informal,Teresina_x_Resto_Piaui,Teresina x Resto do Piauí,Teresina_Resto,svyglm+regTermTest(LRT),478354890.01124096,"1, 199",7.1480213838125375e-12,***,1.7767938868334023e-11,***,2485
Desalentados_Forca_Ampliada,Desalentados na Força de Trabalho Ampliada,Zona,Zona (Urbana/Rural),Zona,svyglm+regTermTest(LRT),245.08202080861335,"1, 199",1.9511108911635616e-11,***,4.7151846536452735e-11,***,5785
Taxa_Composta_Subutilizacao,Taxa_Composta_Subutilizacao,Estrato_Micro,Estrato de 7 dígitos,Estrato,svyglm+regTermTest(LRT),663.9404745087022,"25, 199",1.2029224413699135e-10,***,2.828493308086013e-10,***,5949
Rendimento_Medio_Habitual,Rendimento Médio Habitual,Estrato_Agregado,Estrato Agregado/Geográfico,Estrato_agregado,svyglm+regTermTest(LRT),3505483346.895653,"4, 199",3.95721258338253e-10,***,9.059934072481055e-10,***,12926
Rendimento_Medio_Habitual,Rendimento Médio Habitual,Teresina_x_Resto_Piaui,Teresina x Resto do Piauí,Teresina_Resto,svyglm+regTermTest(LRT),3208846184.4555817,"1, 199",6.308938135194422e-10,***,1.4073785070818323e-9,***,12926
Rendimento_Medio_Habitual,Rendimento Médio Habitual,Estrato_Administrativo,Estrato Administrativo,Estrato_Admin,svyglm+regTermTest(LRT),3211092539.2286987,"2, 199",6.642095288265373e-10,***,1.4446557251977182e-9,***,12926
Taxa_Subocupacao,Subocupação por Insuficiência de Horas,Zona,Zona (Urbana/Rural),Zona,svyglm+regTermTest(LRT),88.47604324429767,"1, 199",3.261933707515326e-9,***,6.921664208630082e-9,***,4961
Rendimento_Informal,Rendimento Médio — Setor Informal,Estrato_Micro,Estrato de 7 dígitos,Estrato,svyglm+regTermTest(LRT),784557622.3094864,"25, 199",3.642691271033833e-9,***,7.545574775712942e-9,***,2485
Taxa_Participacao,Taxa_Participacao,Estrato_Agregado,Estrato Agregado/Geográfico,Estrato_agregado,svyglm+regTermTest(LRT),154.43431940978735,"4, 199",4.026945367663227e-9,***,8.147540627597692e-9,***,10588
Desalentados_Forca_Ampliada,Desalentados na Força de Trabalho Ampliada,Estrato_Agregado,Estrato Agregado/Geográfico,Estrato_agregado,svyglm+regTermTest(LRT),263.83602104952206,"4, 199",4.613079054113984e-9,***,9.121315402452647e-9,***,5785
Rendimento_Medio_Habitual,Rendimento Médio Habitual,Estrato_Micro,Estrato de 7 dígitos,Estrato,svyglm+regTermTest(LRT),6655493580.072311,"25, 199",7.3631095283252504e-9,***,1.4235345088095484e-8,***,12926
Taxa_Participacao,Taxa_Participacao,Estrato_Micro,Estrato de 7 dígitos,Estrato,svyglm+regTermTest(LRT),378.4100132772164,"25, 199",8.845988312712715e-9,***,1.6730456156652313e-8,***,10588
Taxa_Nem_Nem,Taxa de Nem-Nem (14 a 29 anos),Zona,Zona (Urbana/Rural),Zona,svyglm+regTermTest(LRT),48.48009382457758,"1, 199",9.737500900136838e-9,***,1.8024735708763933e-8,***,2800
Nivel_Ocupacao,Nivel_Ocupacao,Estrato_Agregado,Estrato Agregado/Geográfico,Estrato_agregado,svyglm+regTermTest(LRT),143.27386677435788,"4, 199",5.5140378602464265e-8,***,9.994193621696649e-8,***,10588
Motivo_Nao_Procura_NemNem,Motivo de Não Procurar Trabalho (Nem-Nem),Teresina_x_Resto_Piaui,Teresina x Resto do Piauí,Teresina_Resto,svychisq,9.7482856188808409,"3.71185285148057, 738.658717444633",2.703288568713167e-7,***,4.799716438327459e-7,***,664
Desalentados_Fora_Forca,Desalentados Fora da Força de Trabalho,Estrato_Agregado,Estrato Agregado/Geográfico,Estrato_agregado,svyglm+regTermTest(LRT),194.15954215317515,"4, 199",5.762448622846306e-7,***,1.0026660603752573e-6,***,5164
Motivo_Nao_Procura_NemNem,Motivo de Não Procurar Trabalho (Nem-Nem),Estrato_Administrativo,Estrato Administrativo,Estrato_Admin,svychisq,6.075966915557926,"6.88361040522998, 1369.83847064077",6.395164503137591e-7,***,1.0909398270058244e-6,***,664
Nivel_Ocupacao,Nivel_Ocupacao,Estrato_Micro,Estrato de 7 dígitos,Estrato,svyglm+regTermTest(LRT),378.6510072922192,"25, 199",2.4946492987766412e-6,***,4.173740172953227e-6,***,10588
Desalentados_Fora_Forca,Desalentados Fora da Força de Trabalho,Zona,Zona (Urbana/Rural),Zona,svyglm+regTermTest(LRT),104.38971634449672,"1, 199",4.68597589473596e-6,***,7.692073638528842e-6,***,5164
Taxa_Nem_Nem,Taxa de Nem-Nem (14 a 29 anos),Estrato_Administrativo,Estrato Administrativo,Estrato_Admin,svyglm+regTermTest(LRT),27.926854004605048,"2, 199",2.714383483446254e-5,***,4.373173389996743e-5,***,2800
Motivo_Nao_Procura_NemNem,Motivo de Não Procurar Trabalho (Nem-Nem),Zona,Zona (Urbana/Rural),Zona,svychisq,6.853999724690449,"3.8184867685495, 759.87886694135",2.884009796861771e-5,***,4.5619791332177105e-5,***,664
Rendimento_Formal,Rendimento Médio — Setor Formal,Estrato_Micro,Estrato de 7 dígitos,Estrato,svyglm+regTermTest(LRT),4154244431.288475,"25, 199",2.994132021717331e-5,***,4.651597962310854e-5,***,10441
Taxa_Nem_Nem,Taxa de Nem-Nem (14 a 29 anos),Teresina_x_Resto_Piaui,Teresina x Resto do Piauí,Teresina_Resto,svyglm+regTermTest(LRT),25.56633149220761,"1, 199",3.888160300559792e-5,***,5.934560458749157e-5,***,2800
Rendimento_Formal,Rendimento Médio — Setor Formal,Estrato_Administrativo,Estrato Administrativo,Estrato_Admin,svyglm+regTermTest(LRT),1399940580.8401108,"2, 199",4.010020947466896e-5,***,6.015031421200344e-5,***,10441
Rendimento_Formal,Rendimento Médio — Setor Formal,Teresina_x_Resto_Piaui,Teresina x Resto do Piauí,Teresina_Resto,svyglm+regTermTest(LRT),1378339573.0834274,"1, 199",4.254015086448491e-5,***,6.27286970374608e-5,***,10441
Rendimento_Formal,Rendimento Médio — Setor Formal,Estrato_Agregado,Estrato Agregado/Geográfico,Estrato_agregado,svyglm+regTermTest(LRT),1521285436.4518356,"4, 199",6.423510939256038e-5,***,9.314090861921256e-5,***,10441
Motivo_Desistencia_Desalentado,Motivo da Desistência (Desalentados),Teresina_x_Resto_Piaui,Teresina x Resto do Piauí,Teresina_Resto,svychisq,7.928599399916534,"2.70910645027508, 539.112183604742",7.076766286605498e-5,***,1.0093092900568496e-4,***,361
Motivo_Nao_Procura_NemNem,Motivo de Não Procurar Trabalho (Nem-Nem),Estrato_Agregado,Estrato Agregado/Geográfico,Estrato_agregado,svychisq,3.015057869487499,"14.6787862996716, 2921.07847363465",8.980710359220716e-5,***,1.2601964536325844e-4,***,664
Motivo_Nao_Inicio_NemNem,Motivo de Não Iniciar Trabalho (Nem-Nem),Teresina_x_Resto_Piaui,Teresina x Resto do Piauí,Teresina_Resto,svychisq,5.5582994281278495,"3.80999426375811, 758.188858487863",2.7135621597702435e-4,***,3.747300125397003e-4,***,664
Motivo_Nao_Inicio_NemNem,Motivo de Não Iniciar Trabalho (Nem-Nem),Estrato_Administrativo,Estrato Administrativo,Estrato_Admin,svychisq,3.928787279455237,"7.01785055327201, 1396.55226010113",2.9211662746447196e-4,***,3.970960404595166e-4,***,664
Taxa_Desocupacao,Taxa de Desocupação,Estrato_Administrativo,Estrato Administrativo,Estrato_Admin,svyglm+regTermTest(LRT),27.404489861101865,"2, 199",3.247928928276584e-4,***,4.347227950154812e-4,***,5424
Conribuintes_Desocupados,Responsáveis ou Cônjuges Desocupados,Teresina_x_Resto_Piaui,Teresina x Resto do Piauí,Teresina_Resto,svyglm+regTermTest(LRT),14.489073846055136,"1, 199",6.844718228470172e-4,***,9.022583119347044e-4,***,463
Taxa_Nem_Nem,Taxa de Nem-Nem (14 a 29 anos),Estrato_Agregado,Estrato Agregado/Geográfico,Estrato_agregado,svyglm+regTermTest(LRT),32.710378647313064,"4, 199",9.633223761134878e-4,***,0.00125088129435631,**,2800
Motivo_Desistencia_Desalentado,Motivo da Desistência (Desalentados),Zona,Zona (Urbana/Rural),Zona,svychisq,6.390604825760182,"2.26679716626322, 451.092636086381",0.00112574755321562,**,0.00144029466367293,**,361
Conribuintes_Desocupados,Responsáveis ou Cônjuges Desocupados,Estrato_Administrativo,Estrato Administrativo,Estrato_Admin,svyglm+regTermTest(LRT),15.835645702713691,"2, 199",0.00195843382124595,**,0.00246932960070141,**,463
Taxa_Desocupacao,Taxa de Desocupação,Estrato_Agregado,Estrato Agregado/Geográfico,Estrato_agregado,svyglm+regTermTest(LRT),35.203477962148554,"4, 199",0.00717503962515709,**,0.00891754924840952,**,5424
Taxa_Desocupacao,Taxa de Desocupação,Zona,Zona (Urbana/Rural),Zona,svyglm+regTermTest(LRT),13.654460478976034,"1, 199",0.00950557014847932,**,0.01164767046362959,*,5424
Chefes_Familia_Desocupados,Pessoas Responsáveis pelo Domicílio Desocupadas,Teresina_x_Resto_Piaui,Teresina x Resto do Piauí,Teresina_Resto,svyglm+regTermTest(LRT),7.942436250509331,"1, 199",0.01055957709346265,*,0.01275948898793404,*,463
Motivo_Desistencia_Desalentado,Motivo da Desistência (Desalentados),Estrato_Agregado,Estrato Agregado/Geográfico,Estrato_agregado,svychisq,2.3525423143633577,"7.68638153124463, 1529.58992471768",0.01781136450028968,*,0.02122724262363291,*,361
Motivo_Nao_Inicio_NemNem,Motivo de Não Iniciar Trabalho (Nem-Nem),Zona,Zona (Urbana/Rural),Zona,svychisq,2.981644114243889,"4.02339140195499, 800.654888989043",0.01826057465858976,*,0.02146851344996364,*,664
Proporcao_Ocupados_Escolarizados,Ocupados com Ensino Médio Completo ou Mais,Estrato_Micro,Estrato de 7 dígitos,Estrato,svyglm+regTermTest(LRT),611.0808041338096,"25, 199",0.03592029896517693,*,0.04166754679960524,*,4961
Chefes_Familia_Desocupados,Pessoas Responsáveis pelo Domicílio Desocupadas,Estrato_Agregado,Estrato Agregado/Geográfico,Estrato_agregado,svyglm+regTermTest(LRT),19.171814228452035,"4, 199",0.03740191361148969,*,0.04281534847631056,*,463
Chefes_Familia_Desocupados,Pessoas Responsáveis pelo Domicílio Desocupadas,Estrato_Administrativo,Estrato Administrativo,Estrato_Admin,svyglm+regTermTest(LRT),8.273818179468321,"2, 199",0.04360034217512581,*,0.04897382355566376,*,463
Motivo_Desistencia_Desalentado,Motivo da Desistência (Desalentados),Estrato_Administrativo,Estrato Administrativo,Estrato_Admin,svychisq,2.4742029822414273,"3.94301997395514, 784.660974817072",0.04390756594645716,*,0.04897382355566376,*,361
Conribuintes_Desocupados,Responsáveis ou Cônjuges Desocupados,Estrato_Agregado,Estrato Agregado/Geográfico,Estrato_agregado,svyglm+regTermTest(LRT),19.001027379654943,"4, 199",0.05636017468669711,ns,0.06167751818055091,ns,463
Taxa_Desocupacao,Taxa de Desocupação,Teresina_x_Resto_Piaui,Teresina x Resto do Piauí,Teresina_Resto,svyglm+regTermTest(LRT),4.689140599934035,"1, 199",0.0567149592464836,ns,0.06167751818055091,ns,5424
Percentual_Subremuneracao,Subremuneração (abaixo do salário-mínimo/hora),Estrato_Micro,Estrato de 7 dígitos,Estrato,svyglm+regTermTest(LRT),404.9948827539074,"25, 199",0.08894269776703695,ns,0.09553104574978044,ns,12926
Taxa_Subocupacao,Subocupação por Insuficiência de Horas,Estrato_Micro,Estrato de 7 dígitos,Estrato,svyglm+regTermTest(LRT),416.5959783029748,"25, 199",0.108359912814654,ns,0.1149672245716451,ns,4961
Taxa_Informalidade,Taxa de Informalidade,Estrato_Micro,Estrato de 7 dígitos,Estrato,svyglm+regTermTest(LRT),353.0513119461657,"25, 199",0.1445166667851563,ns,0.15148132542540477,ns,4961
Conribuintes_Desocupados,Responsáveis ou Cônjuges Desocupados,Zona,Zona (Urbana/Rural),Zona,svyglm+regTermTest(LRT),2.0259019317596767,"1, 199",0.26777691652051444,ns,0.2773403778248186,ns,463
Chefes_Familia_Desocupados,Pessoas Responsáveis pelo Domicílio Desocupadas,Zona,Zona (Urbana/Rural),Zona,svyglm+regTermTest(LRT),0.7710084192718796,"1, 199",0.4598471567049176,ns,0.4706670898038568,ns,463
Taxa_Nem_Nem,Taxa de Nem-Nem (14 a 29 anos),Estrato_Micro,Estrato de 7 dígitos,Estrato,svyglm+regTermTest(LRT),92.39477594720256,"25, 199",0.5398479465964965,ns,0.5461252483011069,ns,2800
Desalentados_Fora_Forca,Desalentados Fora da Força de Trabalho,Estrato_Micro,Estrato de 7 dígitos,Estrato,svyglm+regTermTest(LRT),298.717246520288,"25, 199",0.799823646725,ns,0.799823646725,ns,5164
